"subjID","ingroup_fixed_rand","outgroup_fixed_rand","in_out_rand_logit","in_out_full_logit","in_out_prob","younger","older","ismale","tsnr","fd_mean","RT","in_out_demean","in_out_young","in_out_old","ones"
"sub-104",1.25153606501418,1.31170213147712,-0.0573230684267486,-0.0601660664629446,-0.0138786183039199,1,0,0.574,0.335345346,-1.109117337,0.256,-0.0473404412847989,-0.0473404412847989,0,1
"sub-105",1.17122482574208,1.8852796291151,-0.711211805336815,-0.714054803373011,-0.175418284232988,1,0,-0.426,1.43926098,-1.214960371,1.03,-0.701229178194865,-0.701229178194865,0,1
"sub-106",2.43981975682366,1.70363426962006,0.739028485239792,0.736185487203596,0.174703617340782,1,0,-0.426,0.84197575,-0.295734173,0.00677,0.749011112381742,0.749011112381742,0,1
"sub-107",1.42093360909117,1.1697217547477,0.254054852379666,0.25121185434347,0.0615850770705076,1,0,0.574,0.467173848,-1.179449315,0.164,0.264037479521616,0.264037479521616,0,1
"sub-108",0.809752253970301,1.87799960421068,-1.06540435220418,-1.06824735024038,-0.254965339838434,1,0,-0.426,0.4199414,-0.888679465,-1.25,-1.05542172506223,-1.05542172506223,0,1
"sub-109",2.08657830111495,2.08540441084783,0.00401688830331237,0.00117389026711612,0.000955963971730034,1,0,-0.426,0.680348289,-0.333947122,1.43,0.0139995154452619,0.0139995154452619,0,1
"sub-110",1.68698505899685,1.30324176347278,0.386586293560266,0.38374329552407,0.0958452993312824,1,0,0.574,0.771201523,-1.292912535,-1.26,0.396568920702216,0.396568920702216,0,1
"sub-111",1.11643825484104,1.23109009741615,-0.111808844538913,-0.114651842575109,-0.0264787507148543,0,1,0.574,-0.691764793,0.146433278,-1.25,-0.101826217396963,0,-0.101826217396963,1
"sub-112",2.43066828297282,2.21169143628226,0.221819844726754,0.218976846690558,0.0494597495211268,1,0,-0.426,0.817466001,-0.931557862,0.991,0.231802471868703,0.231802471868703,0,1
"sub-113",1.87567353139649,2.2671804054065,-0.388663875973812,-0.391506874010008,-0.092535971427343,1,0,-0.426,-1.142227911,0.36502216,0.813,-0.378681248831863,-0.378681248831863,0,1
"sub-115",0.14719139650255,0.142942819940388,0.00709157459835885,0.00424857656216271,0.00106086696293478,1,0,-0.426,0.750329892,-0.517222174,0.94,0.0170742017403085,0.0170742017403085,0,1
"sub-116",2.3249889132304,2.16290186985935,0.164930041407249,0.162087043371054,0.0376777066598412,1,0,-0.426,-0.449037222,-0.458864599,0.183,0.174912668549199,0.174912668549199,0,1
"sub-117",2.29240243700563,2.15419496637845,0.141050468663374,0.138207470627178,0.0324182755897351,1,0,-0.426,1.075760056,-0.887283578,0.308,0.151033095805323,0.151033095805323,0,1
"sub-118",0.184860961269817,0.551657252176502,-0.363953292870489,-0.366796290906685,-0.0622211033652219,1,0,-0.426,-1.060535185,0.783193711,0.214,-0.353970665728539,-0.353970665728539,0,1
"sub-121",1.90027688491753,2.00270386395842,-0.099583981004699,-0.102426979040895,-0.0242983142108082,1,0,-0.426,1.822941324,-1.128909272,0.276,-0.0896013538627492,-0.0896013538627492,0,1
"sub-122",1.59688031246387,1.25008050325363,0.349642807246435,0.346799809210239,0.0861793916596632,1,0,-0.426,1.759997806,-1.012660134,1.49,0.359625434388385,0.359625434388385,0,1
"sub-124",2.26563389356597,1.89532445934867,0.373152432253497,0.3703094342173,0.0886908532018826,1,0,0.574,0.750570699,-0.622688021,0.565,0.383135059395446,0.383135059395446,0,1
"sub-125",0.92678411452394,0.981929858206703,-0.0523027456465662,-0.0551457436827624,-0.0116500800158894,1,0,-0.426,1.781157475,-1.063575099,1.67,-0.0423201185046166,-0.0423201185046166,0,1
"sub-126",1.25794259412541,1.24249785185644,0.0182877403051656,0.0154447422689694,0.00440228081572963,1,0,0.574,-0.881321934,-0.422387959,0.357,0.0282703674471152,0.0282703674471152,0,1
"sub-127",2.3147980455229,1.85863997431089,0.459001069248206,0.45615807121201,0.108810109921682,0,1,-0.426,0.726955566,-0.586700833,0.802,0.468983696390156,0,0.468983696390156,1
"sub-128",1.91689456717305,1.50274054873333,0.416997016475914,0.414154018439718,0.103749294220452,0,1,0.574,0.354984567,0.35040772,-1.27,0.426979643617864,0,0.426979643617864,1
"sub-129",2.33799345426322,1.63118352196289,0.709652930336526,0.70680993230033,0.170626833770321,0,1,0.574,-1.141721185,2.26385679,-1.26,0.719635557478476,0,0.719635557478476,1
"sub-130",1.20050750577019,1.26381938940522,-0.0604688855988389,-0.063311883635035,-0.0145036976885675,0,1,-0.426,-1.262876457,1.236388009,1.18,-0.0504862584568893,0,-0.0504862584568893,1
"sub-132",1.2118424289586,1.25138658159843,-0.0367011546036328,-0.0395441526398288,-0.00880231363626288,0,1,-0.426,-0.107125145,-0.012961885,1.63,-0.0267185274616831,0,-0.0267185274616831,1
"sub-133",1.51766393195897,1.58529155660491,-0.0647846266097435,-0.0676276246459395,-0.016162827729734,0,1,0.574,1.055715262,0.050489502,0.906,-0.0548019994677938,0,-0.0548019994677938,1
"sub-134",2.19299987326909,1.75162474896814,0.444218122337145,0.441375124300949,0.107643586777994,0,1,-0.426,-0.770087816,0.121069128,-1.25,0.454200749479094,0,0.454200749479094,1
"sub-135",1.88121335360066,0.338431006216596,1.54562534542026,1.54278234738406,0.34667484952668,0,1,0.574,-0.653236011,1.016904241,-1.25,1.55560797256221,0,1.55560797256221,1
"sub-136",1.82410462130376,1.23581740404978,0.591130215290182,0.588287217253985,0.14627970490262,0,1,-0.426,0.220981734,-0.470718126,-1.24,0.601112842432131,0,0.601112842432131,1
"sub-137",1.69223524843675,2.37857549574485,-0.683497249271909,-0.686340247308105,-0.162972434137285,0,1,0.574,-0.54577279,0.786471014,-0.791,-0.673514622129959,0,-0.673514622129959,1
"sub-138",0.552310661534902,1.01224104166939,-0.457087382098293,-0.45993038013449,-0.0953620787327152,0,1,0.574,-1.700501417,2.956665728,-0.168,-0.447104754956344,0,-0.447104754956344,1
"sub-140",1.10974618579471,0.530105884470225,0.582483299360682,0.579640301324486,0.123148062155135,0,1,0.574,-0.738385115,0.945144959,-0.417,0.592465926502631,0,0.592465926502631,1
"sub-141",1.25320992296532,1.27582230032711,-0.0197693793255925,-0.0226123773617888,-0.00477182775401819,0,1,-0.426,0.509990371,-0.031470684,-0.91,-0.00978675218364303,0,-0.00978675218364303,1
"sub-142",1.80906463726527,1.54698958883599,0.264918046465481,0.262075048429285,0.0661094593870443,0,1,-0.426,-0.159519738,0.411082901,1.53,0.274900673607431,0,0.274900673607431,1
"sub-143",1.60841796431828,1.81488299605634,-0.203622033701857,-0.206465031738054,-0.0507971258094875,0,1,-0.426,1.600072485,-0.251220667,-1.26,-0.193639406559908,0,-0.193639406559908,1
"sub-144",1.60841796431828,1.81488299605634,-0.203622033701857,-0.206465031738054,-0.0507971258094875,0,1,0.574,-2.070394775,1.857227144,-1.26,-0.193639406559908,0,-0.193639406559908,1
"sub-147",0.891389663833745,1.89548127015934,-1.0012486082894,-1.00409160632559,-0.241732136038932,0,1,-0.426,-1.000297491,0.677173554,0.0118,-0.991265981147449,0,-0.991265981147449,1
"sub-149",2.02490292948118,2.09297646794338,-0.0652305404259996,-0.0680735384621958,-0.0156123731043227,0,1,0.574,-0.939580152,1.676162702,-1.25,-0.05524791328405,0,-0.05524791328405,1
"sub-150",0.960517057611719,1.85154343045942,-0.888183374811507,-0.891026372847703,-0.21563605024011,1,0,-0.426,-0.537555218,-0.21095519,0.64,-0.878200747669557,-0.878200747669557,0,1
"sub-151",2.08442257159326,2.19525930777205,-0.107993738142602,-0.110836736178798,-0.0253769098298465,0,1,-0.426,-1.120709642,1.001343862,-1.25,-0.0980111110006525,0,-0.0980111110006525,1
"sub-152",1.23530178313064,1.31658208881462,-0.0784373076477853,-0.0812803056839815,-0.0189703456365385,0,1,0.574,-1.252682339,1.56148429,-1.26,-0.0684546805058357,0,-0.0684546805058357,1
"sub-153",2.37545789111342,1.68613626761487,0.692164621534744,0.689321623498548,0.165146472472114,1,0,0.574,0.007521336,-0.61313535,-1.24,0.702147248676694,0.702147248676694,0,1
"sub-154",0.601798422822833,2.0178591539665,-1.41321773310747,-1.41606073114366,-0.331225982292707,0,1,-0.426,0.280333975,0.064014578,0.316,-1.40323510596552,0,-1.40323510596552,1
"sub-155",1.63504336304728,1.3850205880579,0.252865773025576,0.25002277498938,0.0628662247894128,1,0,0.574,0.898209256,-1.233512086,0.383,0.262848400167526,0.262848400167526,0,1
"sub-156",1.20047469054034,1.26267806687773,-0.0593603783011992,-0.0622033763373953,-0.0142361692273614,1,0,-0.426,-1.213480721,0.657957535,1.02,-0.0493777511592495,-0.0493777511592495,0,1
"sub-157",1.72831041038465,1.7626756815696,-0.0315222731487558,-0.0343652711849518,-0.00785865873501534,1,0,0.574,-0.808294548,-0.32672095,0.195,-0.0215396460068061,-0.0215396460068061,0,1
"sub-158",1.89196678165835,1.85838175996625,0.036428019728298,0.0335850216921019,0.00898234506974815,1,0,0.574,-0.339626837,-0.648509396,1.02,0.0464106468702476,0.0464106468702476,0,1
"sub-159",0.683843214223573,1.58601691104962,-0.899330698789847,-0.902173696826044,-0.208202663714004,1,0,-0.426,1.218499501,-1.182638625,-0.494,-0.889348071647898,-0.889348071647898,0,1
